story_key,comparison_type,variant,semantic_similarity_sbert,delta_cli,delta_aoa,delta_concreteness,delta_imageability,delta_fk_grade,delta_mtld,delta_tier2_proxy_token_ratio,tier2_types_retained,tier2_types_removed,tier2_types_added,low_frequency_tier2_types_retained
anita,human_reference,human::elementary,0.7540255188941956,0.5074468745144045,-7.199999999999989,9.172724730882123,10.706168831168782,-2.340560086853074,-25.183789954337897,-0.05215898280702568,african; asian; bridge; census; change; class; cultural; discussion; image; important; inequality; link; natural; need; population,ancestry; apparent; attitude; complex; contrast; cycle; define; defined; demographic; discrimination; diversity; equality; explicit; goal; however; largely; latent; lecturer; likely; mainstream; minority; periphery; predominantly; prejudice; profoundly; project; publication; racial; relatively; result; social; society; sound; statistics; successful; suggestive; support; university,difference,asian; bridge; census; class; cultural; discussion; important; inequality; link; natural
copyright,human_reference,human::elementary,0.976621150970459,0.6676648316774674,-33.911764705882376,5.0331610942249085,2.1795463805513577,-2.287435221783049,-14.111369843868118,-0.0320660252994138,achieve; article; author; creative; creatively; dialogue; existing; group; index; influence; level; mp; need; poverty; society; subject; technology,acquired; analogue; approach; collected; content; critical; data; default; distribute; emerge; established; form; highly; independent; intellectual; principle; robust; scale; science; technical,change; discuss; organization; strongly; support,achieve; author; creatively; dialogue; existing; group; influence; level; poverty; society; subject; technology
crowdfunding,human_reference,human::elementary,0.8555333018302917,1.0482019269021032,-62.36703741152684,2.604089856812095,1.3559890994673651,-2.5814081912537326,-1.5161875115926335,-0.011122312920745385,activity; alternative; change; example; experience; finding; ground; international; project; successful; test; use; within,access; card; commercially; complex; conventional; efficient; expansion; focused; generate; growth; innovative; invention; known; limited; production; rejected; testing; transaction; validate; vital; weight; whole,european; group; important; increased; present; produce,activity; alternative; change; experience; finding; ground; international; successful
everest,human_reference,human::elementary,0.8071264028549194,-0.09941929159691601,-10.30735930735932,-5.95479808639368,-7.107513332942631,-1.6830695912274862,-29.836489951864593,-0.014395640112776553,agriculture; base; both; change; changing; climate; combination; completed; continued; erosion; fixed; human; need; planning; previous; provide; region; waste,address; challenge; class; condition; degradation; demand; environmental; exponential; finding; flow; following; further; harvesting; identify; impact; include; increased; infrastructure; language; level; modern; network; numerous; potential; rapid; sector; sequence; western,effect; future; group; increase; study; trained; use,agriculture; both; changing; combination; completed; continued; erosion; need; planning; previous; provide
loterry,human_reference,human::elementary,0.928984522819519,0.8659439740937267,-16.756034482758594,14.564556962025279,15.91535433070868,-1.37989379528263,-9.75630888119106,-0.023143523143523137,economics; employ; employed; existing; likely; proportion; range; study; supported; table; total; voluntary,analysis; anticipated; author; domestic; effect; further; generating; however; measurable; need; product; purchased; report; research; transform; use,given; important; preferred; working,economics; employ; existing; likely; proportion; range; supported; table; voluntary
wnl 101 year old bottle message,human_reference,human::elementary,0.9543273448944092,0.41845662164675745,-19.528919860627184,3.3569974554707187,2.4689069078434613,-1.9622861081071648,-0.9390920930445219,-0.026710912849526713,address; card; condition; culture; display; document; known; received; researcher,appreciation; attempt; author; available; given; group; incur; international; nature; note; science,,condition; culture; display; document; known; received; researcher
wnl billionaires,human_reference,human::elementary,0.9279595613479614,0.19808711566853143,-24.947250086475265,-6.583052039381187,-3.2256302521008706,-3.325654126971731,-48.71928696509168,-0.020862470862470867,above; address; following; mosaic; nature,calculated; century; culture; evidence; example; extent; however; marked; minority; nevertheless; previous; prohibitive; repeated; reveal; valuable; wealth; working,control,above; address; following; mosaic; nature
wnl experience,human_reference,human::elementary,0.9342689514160156,0.7338794773970048,-17.449292452830207,12.311427009294675,11.09964540829435,-1.5134758379442097,-20.694212680420193,-0.007803374432186892,display; experience; group; internal; need; relationship; stress; territorial; territory; within,empathy; evidence; limited; practice; specialized; traumatic; vertically,,display; experience; group; need; relationship; stress; territorial; territory; within
wnl ten ideas,human_reference,human::elementary,0.9135313034057617,0.17888124517108883,8.801026957638044,6.898844560715077,8.941196817710136,-2.409118286358595,-92.05908580675123,-0.042751070918610176,above; experiment; ground; project; similar; solution; sustainable; system; technology,act; change; climate; concept; conventional; convert; cycle; disperse; facility; harvesting; increasingly; industrial; innovation; international; movement; provide; scale; type; urban,group; need,experiment; project; similar; solution; sustainable
wnl why we should,human_reference,human::elementary,0.889441967010498,0.45397467141045267,-13.537373737373741,6.717675635276578,5.626206024857822,-4.423147617719515,-58.43841941125079,-0.026791898706120296,effect; environment; environmental; human; importance; improve; need; period; process; produce; reduce; reduced; use; valuable; vital; whole,adjustment; argue; challenge; equilibrium; examine; frequent; functioning; however; initial; intensity; known; likely; natural; necessary; production; reduction; relatively; short; suggest; tend; typically,change; example; experiment; working,environment; environmental; human; importance; improve; need; period; process; produce; reduced; valuable
wnl are you a bad boyfriend,human_reference,human::elementary,0.869896650314331,0.5616002773797797,-19.444852941176464,4.217391304347814,8.602733195614178,-1.2176630434782574,-40.88679843232242,-0.005126085159156676,present; relationship; testing; typical,available; capitalist; couple; design; external; generating; result; sharing; social; valuable,connected; etc; university,present; testing; typical
wnl shark,human_reference,human::elementary,0.9424149990081787,-0.35975030046064266,-13.150693568726354,-17.14950873837057,-11.676580149002632,-2.4749475350301395,-31.794388016250906,-0.013693219223173153,achieve; activity; changing; counterproductive; difference; encourage; evidence; exist; human; increase; increasing; ineffective; population; reduce; related; result; society; state; university; western; whole,approach; argue; consistent; globally; however; indiscriminate; nature; policy; positive; potential; potentially; previous; provide; scheme; solely,chosen; increased; method; monitor; use; working,achieve; activity; counterproductive; difference; encourage; exist; increase; increasing; reduce; related; society; university; whole
anita,llm_simplification,openai::openai/gpt-5.2::zero_shot::temp=0.0,0.931232213973999,0.6251357302195479,-31.064468864468836,4.263258577882709,2.952627500704409,-1.8797454892642875,1.2628948895100507,-0.035804239159917844,african; ancestry; asian; attitude; bridge; census; change; class; discrimination; equality; explicit; image; inequality; likely; mainstream; minority; need; population; prejudice; racial; society; sound; statistics; successful; university,apparent; complex; contrast; cultural; cycle; define; defined; demographic; discussion; diversity; goal; however; important; largely; latent; lecturer; link; natural; periphery; predominantly; profoundly; project; publication; relatively; result; social; suggestive; support,chosen; common; describe; direct; known; level; linked; low; reduced; shared,ancestry; asian; attitude; bridge; census; equality; explicit; inequality; mainstream; minority; prejudice; statistics; successful
anita,llm_simplification,openai::openai/gpt-5.2::zero_shot::temp=0.2,0.9146876931190491,0.606282397215081,-24.681095176010444,5.146138843497965,6.013567138567112,-1.9769219710634047,0.42341604327171467,-0.028505663419899338,african; ancestry; asian; attitude; census; change; class; define; defined; discrimination; equality; explicit; image; inequality; lecturer; likely; link; mainstream; minority; natural; need; periphery; population; racial; society; statistics; successful; support; university,apparent; bridge; complex; contrast; cultural; cycle; demographic; discussion; diversity; goal; however; important; largely; latent; predominantly; prejudice; profoundly; project; publication; relatively; result; social; sound; suggestive,common; group; known; linked; low; reduced; shared,ancestry; asian; attitude; census; define; defined; equality; explicit; inequality; lecturer; link; mainstream; minority; natural; periphery; statistics; successful; support
anita,llm_simplification,openai::openai/gpt-5.2::zero_shot::temp=0.5,0.8936949968338013,0.5235373220106809,-23.630769230769204,5.62683101107541,2.413209295694287,-2.317909223796306,-11.133342450718004,-0.018482014102954206,african; ancestry; asian; attitude; bridge; census; change; class; define; defined; discrimination; diversity; equality; explicit; image; inequality; lecturer; likely; link; mainstream; minority; natural; need; periphery; population; prejudice; racial; society; sound; successful; suggestive; support; university,apparent; complex; contrast; cultural; cycle; demographic; discussion; goal; however; important; largely; latent; predominantly; profoundly; project; publication; relatively; result; social; statistics,common; difference; known; low; mainly; present; reduced; shared,ancestry; asian; attitude; bridge; census; define; defined; diversity; equality; explicit; inequality; lecturer; link; mainstream; minority; natural; periphery; prejudice; successful; suggestive; support
anita,llm_simplification,openai::openai/gpt-5.2::few_shot::temp=0.0,0.9130306839942932,0.9207582308575262,-37.494654498044326,7.811320961776914,9.127805580831023,-2.496607045021186,-6.518687749548718,-0.02206457529738623,african; ancestry; asian; bridge; census; change; class; define; defined; discrimination; equality; explicit; image; inequality; lecturer; likely; mainstream; minority; natural; need; periphery; population; prejudice; racial; social; society; sound; statistics; successful; suggestive; university,apparent; attitude; complex; contrast; cultural; cycle; demographic; discussion; diversity; goal; however; important; largely; latent; link; predominantly; profoundly; project; publication; relatively; result; support,argue; common; focus; known; linked; present; reduced; shared; strongly,ancestry; asian; bridge; census; define; defined; equality; explicit; inequality; lecturer; mainstream; minority; natural; periphery; prejudice; statistics; successful; suggestive
anita,llm_simplification,openai::openai/gpt-5.2::few_shot::temp=0.2,0.9064996242523193,0.8901118476683423,-36.07370838117106,8.667878427918993,7.956955630917037,-2.0453681303126032,-12.197293895531786,-0.028609359442416188,african; ancestry; asian; bridge; census; change; class; define; defined; discrimination; equality; explicit; image; inequality; lecturer; likely; link; mainstream; minority; need; periphery; population; racial; social; society; sound; statistics; successful; suggestive; support; university,apparent; attitude; complex; contrast; cultural; cycle; demographic; discussion; diversity; goal; however; important; largely; latent; natural; predominantly; prejudice; profoundly; project; publication; relatively; result,argue; common; known; low; present; reduced; shared,ancestry; asian; bridge; census; define; defined; equality; explicit; inequality; lecturer; link; mainstream; minority; periphery; statistics; successful; suggestive; support
anita,llm_simplification,openai::openai/gpt-5.2::few_shot::temp=0.5,0.9168384671211243,0.8160552735916644,-32.826373626373595,8.409721263290805,7.065078259716131,-2.3516538057508427,-13.962774143426373,-0.023813750602317968,african; ancestry; asian; attitude; bridge; census; change; class; define; discrimination; discussion; equality; explicit; image; inequality; lecturer; link; mainstream; minority; natural; need; periphery; population; prejudice; racial; social; society; sound; statistics; successful; suggestive; support; university,apparent; complex; contrast; cultural; cycle; defined; demographic; diversity; goal; however; important; largely; latent; likely; predominantly; profoundly; project; publication; relatively; result,common; known; level; low; mainly; present; reduce; reduced; shared,ancestry; asian; attitude; bridge; census; define; discussion; equality; explicit; inequality; lecturer; link; mainstream; minority; natural; periphery; prejudice; statistics; successful; suggestive; support
anita,llm_simplification,openai::openai/gpt-5.2::chain_of_thought::temp=0.0,0.9572873115539551,0.3917364286425489,-25.097802197802196,0.7651627525589788,-0.6392857142857338,-1.7163069704407157,-6.6913084575253094,-0.019913707268503153,african; ancestry; asian; attitude; bridge; census; change; class; cultural; cycle; define; defined; discrimination; diversity; equality; explicit; image; inequality; lecturer; likely; link; mainstream; minority; natural; need; periphery; population; prejudice; racial; social; society; sound; statistics; successful; suggestive; support; university,apparent; complex; contrast; demographic; discussion; goal; however; important; largely; latent; predominantly; profoundly; project; publication; relatively; result,difference; harmful; known; low; mainly; present; published; reduced,ancestry; asian; attitude; bridge; census; cultural; cycle; define; defined; diversity; equality; explicit; inequality; lecturer; link; mainstream; minority; natural; periphery; prejudice; statistics; suggestive; support
anita,llm_simplification,openai::openai/gpt-5.2::chain_of_thought::temp=0.2,0.9540175199508667,0.5743108280691036,-31.16367521367522,3.1647026855667946,1.4303871415939966,-1.8906963241436898,-8.360266159695811,-0.034114811050977245,african; asian; attitude; bridge; census; class; defined; discrimination; diversity; equality; explicit; image; inequality; lecturer; likely; mainstream; minority; natural; need; periphery; population; racial; social; society; sound; statistics; successful; suggestive; support; university,ancestry; apparent; change; complex; contrast; cultural; cycle; define; demographic; discussion; goal; however; important; largely; latent; link; predominantly; prejudice; profoundly; project; publication; relatively; result,difference; known; linked; present; published; reduced,asian; attitude; bridge; census; defined; diversity; equality; explicit; inequality; lecturer; mainstream; minority; natural; periphery; statistics; suggestive; support
anita,llm_simplification,openai::openai/gpt-5.2::chain_of_thought::temp=0.5,0.9495590925216675,0.8587079098704877,-37.645701357466066,8.92524862373449,5.057631434076484,-1.7932329707138521,-18.48402919324802,-0.02271181316604942,african; ancestry; asian; bridge; census; change; class; defined; discrimination; diversity; equality; explicit; image; inequality; lecturer; likely; link; mainstream; minority; need; periphery; population; racial; society; sound; statistics; successful; support; university,apparent; attitude; complex; contrast; cultural; cycle; define; demographic; discussion; goal; however; important; largely; latent; natural; predominantly; prejudice; profoundly; project; publication; relatively; result; social; suggestive,difference; focus; group; known; low; mainly; perform; present; reduced; shared; subject,ancestry; asian; bridge; census; defined; diversity; equality; explicit; inequality; lecturer; mainstream; minority; periphery; statistics; successful; support
copyright,llm_simplification,openai::openai/gpt-5.2::zero_shot::temp=0.0,0.9211182594299316,0.5414520151882507,-31.418367346938794,1.7994008314990992,0.8886698686803811,-4.2542468414871095,6.91753497558193,-0.029465234659059134,analogue; article; author; collected; content; creative; data; dialogue; index; influence; intellectual; mp; need; poverty; science; society; technology,achieve; acquired; approach; creatively; critical; default; distribute; emerge; established; existing; form; group; highly; independent; level; principle; robust; scale; subject; technical,common; current; sharing; strongly,analogue; author; collected; data; dialogue; influence; intellectual; poverty; society; technology
copyright,llm_simplification,openai::openai/gpt-5.2::zero_shot::temp=0.2,0.9156556129455566,0.5558331455352366,-31.108695652173935,1.902252003315823,1.7143793501669506,-4.518795358624917,-7.884941050445832,-0.03377419831535393,analogue; article; author; collected; content; creative; data; dialogue; index; influence; intellectual; mp; need; science; technology,achieve; acquired; approach; creatively; critical; default; distribute; emerge; established; existing; form; group; highly; independent; level; poverty; principle; robust; scale; society; subject; technical,common; sharing; strongly; support; use,analogue; author; collected; data; dialogue; influence; intellectual; technology
copyright,llm_simplification,openai::openai/gpt-5.2::zero_shot::temp=0.5,0.9309318661689758,0.9495388096320979,-37.020833333333314,8.689589665653443,10.072045621365248,-4.300230179028134,7.792313856543757,-0.04096360340259378,analogue; article; author; collected; content; creative; data; dialogue; index; intellectual; mp; science; society; technology,achieve; acquired; approach; creatively; critical; default; distribute; emerge; established; existing; form; group; highly; independent; influence; level; need; poverty; principle; robust; scale; subject; technical,current; needed; sharing; strongly; support,analogue; author; collected; data; dialogue; intellectual; society; technology
copyright,llm_simplification,openai::openai/gpt-5.2::few_shot::temp=0.0,0.9250668287277222,0.29141747368346715,-18.620000000000005,-1.5354910445967107,1.43900584001085,-4.233440665307182,0.6572071137360354,-0.025671852899575673,analogue; article; author; collected; content; creative; critical; data; dialogue; distribute; index; influence; intellectual; mp; need; poverty; science; society; technology,achieve; acquired; approach; creatively; default; emerge; established; existing; form; group; highly; independent; level; principle; robust; scale; subject; technical,active; control; current; sharing; strongly,analogue; author; collected; critical; data; dialogue; distribute; influence; intellectual; poverty; society; technology
copyright,llm_simplification,openai::openai/gpt-5.2::few_shot::temp=0.2,0.9360634088516235,0.4234110984413546,-29.60638297872339,-1.9428599399556674,-0.0652682014725201,-3.669226738831842,4.4585435397436015,-0.024307486928468125,analogue; article; author; content; creative; dialogue; index; influence; intellectual; mp; poverty; science; society; technology,achieve; acquired; approach; collected; creatively; critical; data; default; distribute; emerge; established; existing; form; group; highly; independent; level; need; principle; robust; scale; subject; technical,affect; common; control; current; needed; published; sharing; strongly; support,analogue; author; dialogue; influence; intellectual; poverty; society; technology
copyright,llm_simplification,openai::openai/gpt-5.2::few_shot::temp=0.5,0.9321485757827759,0.6389848976461027,-22.939999999999998,5.80803852448696,8.28093506205056,-3.516158227666942,-4.51147136338605,-0.022743479334082994,analogue; article; author; collected; content; creative; data; dialogue; independent; index; influence; intellectual; mp; need; science; society; technology,achieve; acquired; approach; creatively; critical; default; distribute; emerge; established; existing; form; group; highly; level; poverty; principle; robust; scale; subject; technical,active; affect; control; current; sharing; strongly; support,analogue; author; collected; data; dialogue; independent; influence; intellectual; society; technology
copyright,llm_simplification,openai::openai/gpt-5.2::chain_of_thought::temp=0.0,0.956210732460022,0.24184546209776547,-18.69999999999999,-1.6609742441209505,-0.8768706922591036,-2.4646929304208207,-8.942922976289282,-0.023074450302173075,analogue; approach; article; author; collected; content; creative; data; dialogue; group; independent; index; influence; intellectual; mp; need; poverty; science; society; technology,achieve; acquired; creatively; critical; default; distribute; emerge; established; existing; form; highly; level; principle; robust; scale; subject; technical,active; affect; control; current; discuss; needed; strongly; support,analogue; approach; author; collected; data; dialogue; group; independent; influence; intellectual; poverty; society; technology
copyright,llm_simplification,openai::openai/gpt-5.2::chain_of_thought::temp=0.2,0.9736384153366089,-0.17044472121696397,-4.585106382978722,-8.04836714497776,-4.376523501485337,-3.772935646034,-3.8335840954645164,-0.01854794232738924,analogue; article; author; collected; content; creative; critical; data; dialogue; existing; group; independent; index; influence; intellectual; mp; need; poverty; science; society; technical,achieve; acquired; approach; creatively; default; distribute; emerge; established; form; highly; level; principle; robust; scale; subject; technology,affect; known; strongly; support; widespread; working,analogue; author; collected; critical; data; dialogue; existing; group; independent; influence; intellectual; poverty; society; technical
copyright,llm_simplification,openai::openai/gpt-5.2::chain_of_thought::temp=0.5,0.9388076663017273,0.308235214179051,-21.729166666666686,-1.0084622823984546,-0.5406443984629163,-3.7136477215937482,2.2027885937024507,-0.03002130921753593,analogue; article; author; content; creative; data; dialogue; group; independent; index; influence; intellectual; mp; need; poverty; science; society; technology,achieve; acquired; approach; collected; creatively; critical; default; distribute; emerge; established; existing; form; highly; level; principle; robust; scale; subject; technical,current; needed; sharing; strongly; support,analogue; author; data; dialogue; group; independent; influence; intellectual; poverty; society; technology
crowdfunding,llm_simplification,openai::openai/gpt-5.2::zero_shot::temp=0.0,0.8535059094429016,1.4905827621086736,-60.68555900621118,16.523146683538926,11.328412328412355,-4.618620915032679,19.096572785565016,-0.02650102979899366,activity; change; focused; ground; growth; international; project; successful; test; testing,access; alternative; card; commercially; complex; conventional; efficient; example; expansion; experience; finding; generate; innovative; invention; known; limited; production; rejected; transaction; use; validate; vital; weight; whole; within,common; goal; group; important; need; support,activity; change; focused; ground; growth; international; successful; testing
crowdfunding,llm_simplification,openai::openai/gpt-5.2::zero_shot::temp=0.2,0.8419408202171326,1.4837455220089186,-59.3132045088567,16.65463588399365,11.905487427226603,-3.8691784161135274,17.60692744338921,-0.01459140468508234,activity; card; change; focused; ground; international; invention; project; rejected; successful; test; testing; use; weight,access; alternative; commercially; complex; conventional; efficient; example; expansion; experience; finding; generate; growth; innovative; known; limited; production; transaction; validate; vital; whole; within,expanding; goal; group; important; product; sending; support,activity; card; change; focused; ground; international; rejected; successful; testing; weight
crowdfunding,llm_simplification,openai::openai/gpt-5.2::zero_shot::temp=0.5,0.894028902053833,1.2890550945115486,-52.91220735785953,14.880172252387183,8.948860845412582,-4.359090578819028,16.733459355018397,-0.018487480470971325,activity; card; change; efficient; focused; growth; international; invention; project; test; use,access; alternative; commercially; complex; conventional; example; expansion; experience; finding; generate; ground; innovative; known; limited; production; rejected; successful; testing; transaction; validate; vital; weight; whole; within,common; goal; group; important; need; sending; support; useful,activity; card; change; efficient; focused; growth; international; invention
crowdfunding,llm_simplification,openai::openai/gpt-5.2::few_shot::temp=0.0,0.8515619039535522,1.5199957134514899,-63.53158326497129,14.884430070622386,12.077656483597082,-5.194960589061363,2.0556912029772008,-0.005807839972611445,activity; card; change; efficient; focused; growth; international; invention; project; rejected; successful; test; use; weight,access; alternative; commercially; complex; conventional; example; expansion; experience; finding; generate; ground; innovative; known; limited; production; testing; transaction; validate; vital; whole; within,common; goal; group; important; need; process; product; sending; support; useful,activity; card; change; efficient; focused; growth; international; invention; rejected; successful
crowdfunding,llm_simplification,openai::openai/gpt-5.2::few_shot::temp=0.2,0.8633685111999512,1.2752041048946445,-45.55880256593014,16.434582491058904,12.371583668113658,-5.134293975503045,9.916886334354274,-0.021527047552284143,activity; card; change; complex; focused; international; invention; production; project; successful; test; testing; use,access; alternative; commercially; conventional; efficient; example; expansion; experience; finding; generate; ground; growth; innovative; known; limited; rejected; transaction; validate; vital; weight; whole; within,goal; group; important; product; sending; support; value; waste,activity; card; change; complex; focused; international; successful; testing
crowdfunding,llm_simplification,openai::openai/gpt-5.2::few_shot::temp=0.5,0.8360568881034851,0.7995327011741609,-30.366249078850444,10.107349244180341,6.5920302893987355,-3.5375124317768325,18.911746749601377,-0.007785820396422838,access; activity; card; change; focused; ground; growth; international; invention; production; project; rejected; successful; test; testing; transaction; use; weight,alternative; commercially; complex; conventional; efficient; example; expansion; experience; finding; generate; innovative; known; limited; validate; vital; whole; within,common; expanding; group; important; process; product; sending; support; useful; waste,access; activity; card; change; focused; ground; growth; international; invention; rejected; successful; testing; transaction; weight
crowdfunding,llm_simplification,openai::openai/gpt-5.2::chain_of_thought::temp=0.0,0.8718864917755127,1.021907503446106,-34.033248081841464,12.235609064335904,12.589735307758588,-3.3717056934527143,20.013013672496697,-0.01096715655761054,activity; card; change; efficient; example; experience; focused; ground; growth; international; invention; production; project; rejected; successful; test; testing; transaction; use; weight,access; alternative; commercially; complex; conventional; expansion; finding; generate; innovative; known; limited; validate; vital; whole; within,expanding; goal; group; important; interest; sending; support; useful; value; working,activity; card; change; efficient; example; experience; focused; ground; growth; international; rejected; successful; testing; transaction; weight
crowdfunding,llm_simplification,openai::openai/gpt-5.2::chain_of_thought::temp=0.2,0.8181875944137573,1.0913934867458268,-55.029453015427805,8.809980539338312,3.343941491986186,-4.727294161519023,20.80438323229967,-0.020365716729936367,activity; change; focused; ground; invention; project; successful; test; testing; use,access; alternative; card; commercially; complex; conventional; efficient; example; expansion; experience; finding; generate; growth; innovative; international; known; limited; production; rejected; transaction; validate; vital; weight; whole; within,expanding; goal; group; helpful; important; product; sending; shared; support; value; working,activity; change; focused; ground; successful; testing
crowdfunding,llm_simplification,openai::openai/gpt-5.2::chain_of_thought::temp=0.5,0.8601222038269043,0.9579543143765358,-42.24682274247493,10.634317660550437,4.8518518518519045,-4.430324594098405,9.13888432066544,-0.011413087438324025,activity; card; change; efficient; experience; focused; ground; international; invention; production; project; rejected; successful; test; testing; transaction; use; weight,access; alternative; commercially; complex; conventional; example; expansion; finding; generate; growth; innovative; known; limited; validate; vital; whole; within,common; expanding; goal; group; important; sending; support; user; value,activity; card; change; efficient; experience; focused; ground; international; invention; rejected; successful; testing; transaction; weight
everest,llm_simplification,openai::openai/gpt-5.2::zero_shot::temp=0.0,0.9631366729736328,-0.08186178513181322,-17.108663488410343,-10.157867494824018,-7.580358349583946,-2.582812720489411,-9.373132560622054,-0.03967086913141597,address; agriculture; base; challenge; change; changing; class; climate; condition; erosion; fixed; further; human; increased; language; level; need; region; waste; western,both; combination; completed; continued; degradation; demand; environmental; exponential; finding; flow; following; harvesting; identify; impact; include; infrastructure; modern; network; numerous; planning; potential; previous; provide; rapid; sector; sequence,effect; environment; needed,agriculture; challenge; class; condition; erosion; further; increased; language; need; western
everest,llm_simplification,openai::openai/gpt-5.2::zero_shot::temp=0.2,0.9586591124534607,-0.25341696114930334,-11.413829413829433,-12.850555241859581,-9.138207744168028,-3.020550391123077,-6.8569140564832765,-0.03613929929719403,address; agriculture; base; both; challenge; change; changing; class; climate; condition; erosion; fixed; further; human; increased; level; need; provide; region; waste; western,combination; completed; continued; degradation; demand; environmental; exponential; finding; flow; following; harvesting; identify; impact; include; infrastructure; language; modern; network; numerous; planning; potential; previous; rapid; sector; sequence,compare; conflict; environment; needed,agriculture; both; challenge; class; condition; erosion; further; increased; need; provide; western
everest,llm_simplification,openai::openai/gpt-5.2::zero_shot::temp=0.5,0.9679802656173706,-0.05152761041164958,-16.698874458874513,-8.44889579020014,-7.350350321527969,-3.085048841618786,-6.405308007610756,-0.03519933723748081,address; agriculture; base; both; challenge; change; changing; class; climate; condition; demand; erosion; fixed; further; human; level; modern; need; region; waste; western,combination; completed; continued; degradation; environmental; exponential; finding; flow; following; harvesting; identify; impact; include; increased; infrastructure; language; network; numerous; planning; potential; previous; provide; rapid; sector; sequence,entry; environment; growth; stress; working,agriculture; both; challenge; class; condition; demand; erosion; further; modern; need; western
everest,llm_simplification,openai::openai/gpt-5.2::few_shot::temp=0.0,0.9352233409881592,-0.15085826661219906,-13.994588744588782,-9.594061735366097,-9.062656144664345,-3.150243233500724,-6.033164848957398,-0.038782225990753635,base; both; challenge; change; changing; climate; condition; demand; erosion; fixed; human; language; level; region; waste; western,address; agriculture; class; combination; completed; continued; degradation; environmental; exponential; finding; flow; following; further; harvesting; identify; impact; include; increased; infrastructure; modern; need; network; numerous; planning; potential; previous; provide; rapid; sector; sequence,affect; compare; environment; example; farming; focus; skilled; study; trained,both; challenge; changing; condition; demand; erosion; language; western
everest,llm_simplification,openai::openai/gpt-5.2::few_shot::temp=0.2,0.9280142188072205,0.08395785152700111,-11.239576213260477,-3.0204983124875753,-1.6571380668958113,-2.898108413130984,-0.9621723089097571,-0.04032379404772652,base; change; changing; class; climate; demand; environmental; erosion; fixed; harvesting; human; increased; language; level; need; region; waste; western,address; agriculture; both; challenge; combination; completed; condition; continued; degradation; exponential; finding; flow; following; further; identify; impact; include; infrastructure; modern; network; numerous; planning; potential; previous; provide; rapid; sector; sequence,affect; effect; farming,changing; class; demand; environmental; erosion; harvesting; increased; language; need; western
everest,llm_simplification,openai::openai/gpt-5.2::few_shot::temp=0.5,0.9388189315795898,0.0006493103126684607,-9.373288873288914,-4.787945554249916,-2.672492028452325,-2.966302052458893,-7.866883815542678,-0.03465763489418132,address; agriculture; base; challenge; change; changing; class; climate; demand; environmental; erosion; finding; fixed; human; level; need; network; region; waste; western,both; combination; completed; condition; continued; degradation; exponential; flow; following; further; harvesting; identify; impact; include; increased; infrastructure; language; modern; numerous; planning; potential; previous; provide; rapid; sector; sequence,describe; effect; entry; growth; total,agriculture; challenge; class; demand; environmental; erosion; finding; need; network; western
everest,llm_simplification,openai::openai/gpt-5.2::chain_of_thought::temp=0.0,0.9552015066146851,-0.3537961835458665,-8.077922077922096,-13.182229123533489,-11.156172923423526,-2.9084272760992214,-6.368992203988583,-0.03622344180093838,address; agriculture; base; both; challenge; change; changing; class; climate; condition; continued; demand; environmental; erosion; finding; fixed; further; human; increased; language; level; need; region; waste; western,combination; completed; degradation; exponential; flow; following; harvesting; identify; impact; include; infrastructure; modern; network; numerous; planning; potential; previous; provide; rapid; sector; sequence,effect; working,agriculture; both; challenge; class; condition; continued; demand; environmental; erosion; finding; further; increased; language; need; western
everest,llm_simplification,openai::openai/gpt-5.2::chain_of_thought::temp=0.2,0.9411040544509888,-0.08890199106546534,-14.678283741574887,-8.552100532012503,-7.540601416910533,-2.945559504032744,2.1442444094033988,-0.031304134462029204,address; agriculture; base; both; challenge; change; changing; class; climate; condition; demand; environmental; fixed; further; human; increased; level; modern; need; planning; provide; region; waste; western,combination; completed; continued; degradation; erosion; exponential; finding; flow; following; harvesting; identify; impact; include; infrastructure; language; network; numerous; potential; previous; rapid; sector; sequence,compare; effect; entry; form; total,agriculture; both; challenge; class; condition; demand; environmental; further; increased; modern; need; planning; provide; western
everest,llm_simplification,openai::openai/gpt-5.2::chain_of_thought::temp=0.5,0.9617005586624146,-0.33186968219285595,-11.305028305028316,-14.130344202898584,-11.663973509933783,-2.9356147852253827,-2.837859747855049,-0.039668494607211266,address; agriculture; base; challenge; change; changing; class; climate; condition; continued; erosion; fixed; further; human; language; level; modern; need; network; region; waste; western,both; combination; completed; degradation; demand; environmental; exponential; finding; flow; following; harvesting; identify; impact; include; increased; infrastructure; numerous; planning; potential; previous; provide; rapid; sector; sequence,environment; needed; working,agriculture; challenge; class; condition; continued; erosion; further; language; modern; need; network; western
loterry,llm_simplification,openai::openai/gpt-5.2::zero_shot::temp=0.0,0.9226280450820923,0.659464782077384,-44.4083333333333,-2.6197567634649204,0.8035714285714448,-3.044544831329663,-11.206646139289873,-0.03261867815181936,economics; effect; employ; further; need; range; report; research; study; supported; table,analysis; anticipated; author; domestic; employed; existing; generating; however; likely; measurable; product; proportion; purchased; total; transform; use; voluntary,chosen; common; expected; important; working,economics; employ; need; range; report; research; supported; table
loterry,llm_simplification,openai::openai/gpt-5.2::zero_shot::temp=0.2,0.9346680641174316,0.9136259790232544,-39.60277777777776,4.979371776840139,9.744219653179186,-2.569195779026362,4.602107637232024,-0.03872917913032526,analysis; economics; effect; employ; need; range; report; research; study; supported; table; total; voluntary,anticipated; author; domestic; employed; existing; further; generating; however; likely; measurable; product; proportion; purchased; transform; use,expected; important; working,analysis; economics; employ; need; range; report; research; supported; table; voluntary
loterry,llm_simplification,openai::openai/gpt-5.2::zero_shot::temp=0.5,0.9330378770828247,1.1009934801543562,-51.40639534883718,5.074195516242185,9.829545454545439,-2.8308391291220474,11.294175988474848,-0.0369292679151834,analysis; economics; effect; employ; need; range; report; research; study; supported; table; total; voluntary,anticipated; author; domestic; employed; existing; further; generating; however; likely; measurable; product; proportion; purchased; transform; use,change; expected; important; working,analysis; economics; employ; need; range; report; research; supported; table; voluntary
loterry,llm_simplification,openai::openai/gpt-5.2::few_shot::temp=0.0,0.9416152834892273,0.7979230484964583,-33.55227272727274,5.065178080037697,8.641428571428548,-2.7223791806790807,5.613757911691607,-0.02197802197802197,analysis; author; domestic; economics; effect; employ; further; need; product; range; report; research; study; supported; table; total,anticipated; employed; existing; generating; however; likely; measurable; proportion; purchased; transform; use; voluntary,expected; important; support; working,analysis; author; domestic; economics; employ; need; product; range; report; research; supported; table
loterry,llm_simplification,openai::openai/gpt-5.2::few_shot::temp=0.2,0.9361203908920288,0.9205043778433055,-49.74605263157895,-0.14990844677970472,7.100877192982466,-3.376676802299869,-8.33646050634809,-0.03695419624623164,analysis; economics; effect; employ; need; range; report; research; study; table; total; voluntary,anticipated; author; domestic; employed; existing; further; generating; however; likely; measurable; product; proportion; purchased; supported; transform; use,expected; important; working,analysis; economics; employ; need; range; report; research; table; voluntary
loterry,llm_simplification,openai::openai/gpt-5.2::few_shot::temp=0.5,0.9357161521911621,0.8447850012223632,-48.79797297297296,-1.2834949860266534,5.1997041420118535,-2.7615412065677987,9.457811086692715,-0.0389010989010989,analysis; economics; effect; employ; need; range; report; research; study; supported; table; total,anticipated; author; domestic; employed; existing; further; generating; however; likely; measurable; product; proportion; purchased; transform; use; voluntary,expected; important; support; working,analysis; economics; employ; need; range; report; research; supported; table
loterry,llm_simplification,openai::openai/gpt-5.2::chain_of_thought::temp=0.0,0.9541531205177307,0.7619754995443073,-36.80000000000001,2.679894385338173,6.635057471264361,-2.510375781891703,19.735068305308076,-0.019355644355644352,analysis; domestic; economics; effect; employ; employed; further; need; product; range; report; research; study; supported; table; voluntary,anticipated; author; existing; generating; however; likely; measurable; proportion; purchased; total; transform; use,expected; group; important; working,analysis; domestic; economics; employ; need; product; range; report; research; supported; table; voluntary
loterry,llm_simplification,openai::openai/gpt-5.2::chain_of_thought::temp=0.2,0.9380573034286499,0.8191450349518997,-37.32499999999999,3.835697901622609,7.944968553459091,-2.7828520862209665,0.25081777677198147,-0.033619199791306606,analysis; economics; effect; employ; employed; need; range; report; research; study; table,anticipated; author; domestic; existing; further; generating; however; likely; measurable; product; proportion; purchased; supported; total; transform; use; voluntary,chosen; expected; important; information; working,analysis; economics; employ; need; range; report; research; table
loterry,llm_simplification,openai::openai/gpt-5.2::chain_of_thought::temp=0.5,0.9478534460067749,0.8243996472143801,-31.288414634146307,5.788760783681369,10.945266272189372,-2.4657299476543955,11.299551610518478,-0.016280016280016282,analysis; domestic; economics; effect; employ; employed; further; need; product; range; report; research; study; supported; table; total,anticipated; author; existing; generating; however; likely; measurable; proportion; purchased; transform; use; voluntary,chosen; expected; important; working,analysis; domestic; economics; employ; need; product; range; report; research; supported; table
wnl 101 year old bottle message,llm_simplification,openai::openai/gpt-5.2::zero_shot::temp=0.0,0.9678937196731567,1.002245406950029,-31.202512934220294,12.613537539858896,13.419320130983976,-2.722648379869465,-13.930373569303185,-0.009969367102456106,address; appreciation; card; condition; culture; document; given; group; international; nature; note; received; researcher,attempt; author; available; display; incur; known; science,both; emotional; learned,appreciation; condition; culture; document; group; international; nature; note; received; researcher
wnl 101 year old bottle message,llm_simplification,openai::openai/gpt-5.2::zero_shot::temp=0.2,0.9685698747634888,0.6978676429246858,-23.036255767963098,8.664627977559064,8.474911556603786,-3.4974429234252042,-5.899794644197058,-0.014149944406205331,address; card; condition; culture; document; given; group; international; nature; note; received; researcher,appreciation; attempt; author; available; display; incur; known; science,both; history; learned,condition; culture; document; group; international; nature; note; received; researcher
wnl 101 year old bottle message,llm_simplification,openai::openai/gpt-5.2::zero_shot::temp=0.5,0.9671934247016907,0.8241229710064351,-20.967265725288826,12.915117113590384,12.25535113129257,-2.772174599780243,-13.387207001223608,-0.010098737146441918,address; card; condition; culture; display; document; given; group; international; nature; note; received; researcher,appreciation; attempt; author; available; incur; known; science,emotional; history; learned,condition; culture; display; document; group; international; nature; note; received; researcher
wnl 101 year old bottle message,llm_simplification,openai::openai/gpt-5.2::few_shot::temp=0.0,0.9771257042884827,1.1746135050367894,-25.214634146341496,20.21496846996348,19.329916853213945,-3.6273080872754058,-16.808366765446806,-0.006651363460368383,address; appreciation; card; condition; culture; display; document; given; group; international; nature; note; received; researcher,attempt; author; available; incur; known; science,emotional; learned,appreciation; condition; culture; display; document; group; international; nature; note; received; researcher
wnl 101 year old bottle message,llm_simplification,openai::openai/gpt-5.2::few_shot::temp=0.2,0.9700236916542053,1.208863763313318,-27.53228120516502,19.436879981168204,19.935849056603786,-3.6432391631956165,-21.914665081999715,-0.005502121640735505,address; card; condition; culture; display; document; given; group; international; nature; note; received; researcher,appreciation; attempt; author; available; incur; known; science,emotional; history; learned,condition; culture; display; document; group; international; nature; note; received; researcher
wnl 101 year old bottle message,llm_simplification,openai::openai/gpt-5.2::few_shot::temp=0.5,0.9576858282089233,0.9791332833642311,-20.243205574912906,16.812785461049543,16.723604158644605,-3.812080061288654,-10.546225508909487,-0.004152915291529155,address; appreciation; card; condition; culture; display; document; given; group; international; nature; note; received; researcher; science,attempt; author; available; incur; known,both; emotional; learned,appreciation; condition; culture; display; document; group; international; nature; note; received; researcher; science
wnl 101 year old bottle message,llm_simplification,openai::openai/gpt-5.2::chain_of_thought::temp=0.0,0.9680576920509338,0.9267676186415231,-20.888318356867785,14.50443335290663,15.800510710739104,-3.6799434779020643,-12.659911889728733,-0.013003044490495566,address; card; condition; culture; given; group; international; nature; note; received; researcher; science,appreciation; attempt; author; available; display; document; incur; known,both; history; learned,condition; culture; group; international; nature; note; received; researcher; science
wnl 101 year old bottle message,llm_simplification,openai::openai/gpt-5.2::chain_of_thought::temp=0.2,0.9509341716766357,0.8733980547821786,-20.098844672657265,14.411945372137382,13.920639931128505,-4.099214460714247,-10.498245804614633,-0.009437289375375538,address; card; condition; culture; document; given; group; international; nature; note; received; researcher; science,appreciation; attempt; author; available; display; incur; known,both; emotional; history; learned,condition; culture; document; group; international; nature; note; received; researcher; science
wnl 101 year old bottle message,llm_simplification,openai::openai/gpt-5.2::chain_of_thought::temp=0.5,0.9757496118545532,0.9037513061709804,-15.491557223264579,15.53933576392842,17.79299191374662,-3.820051458926013,-16.964521968285887,-0.013452432199741717,address; card; condition; culture; document; given; group; international; nature; researcher; science,appreciation; attempt; author; available; display; incur; known; note; received,both; emotional; history; learned,condition; culture; document; group; international; nature; researcher; science
wnl billionaires,llm_simplification,openai::openai/gpt-5.2::zero_shot::temp=0.0,0.9350422024726868,-0.21985198208422957,-12.583105407111304,-14.403033365244823,-7.02007277137659,-3.5434599107604647,-39.08851529343349,-0.019416386083052753,address; culture; example; marked; mosaic; nature; valuable; wealth,above; calculated; century; evidence; extent; following; however; minority; nevertheless; previous; prohibitive; repeated; reveal; working,condition; known,address; culture; example; marked; mosaic; nature; valuable
wnl billionaires,llm_simplification,openai::openai/gpt-5.2::zero_shot::temp=0.2,0.9416459798812866,-0.04081541772047881,-16.167036379769286,-10.19533274113553,-4.885453100158998,-3.3911907912462134,-37.70373395330549,-0.021212121212121217,address; culture; example; following; marked; mosaic; nature; previous; valuable,above; calculated; century; evidence; extent; however; minority; nevertheless; prohibitive; repeated; reveal; wealth; working,,address; culture; example; following; marked; mosaic; nature; previous; valuable
wnl billionaires,llm_simplification,openai::openai/gpt-5.2::zero_shot::temp=0.5,0.9360413551330566,0.31532612403800053,-32.438775510204096,-6.547303247110619,-3.2299215686274465,-3.689470261136936,-37.274971183617794,-0.01808019216555802,culture; example; following; marked; mosaic; nature; valuable; wealth,above; address; calculated; century; evidence; extent; however; minority; nevertheless; previous; prohibitive; repeated; reveal; working,ground; outward; whole,culture; example; following; marked; mosaic; nature; valuable
wnl billionaires,llm_simplification,openai::openai/gpt-5.2::few_shot::temp=0.0,0.9380685687065125,0.08214582846596952,-15.6346517988639,-5.951601945219181,-2.399535603715151,-3.782815451991681,-39.242900121089605,-0.018381418980221376,address; culture; example; following; marked; mosaic; nature; valuable; wealth,above; calculated; century; evidence; extent; however; minority; nevertheless; previous; prohibitive; repeated; reveal; working,condition; greek,address; culture; example; following; marked; mosaic; nature; valuable
wnl billionaires,llm_simplification,openai::openai/gpt-5.2::few_shot::temp=0.2,0.9344346523284912,0.14437200509757586,-24.820218809173184,-8.39843665476576,-4.078371876455094,-3.465609843243964,-41.27646067821509,-0.016329966329966333,address; culture; example; following; marked; mosaic; nature; valuable; wealth,above; calculated; century; evidence; extent; however; minority; nevertheless; previous; prohibitive; repeated; reveal; working,common; greek; ground,address; culture; example; following; marked; mosaic; nature; valuable
wnl billionaires,llm_simplification,openai::openai/gpt-5.2::few_shot::temp=0.5,0.9343934059143066,-0.030953515626171546,-24.42790594498672,-13.007146920779405,-8.052525408069016,-3.4178066922072077,-43.43127781985123,-0.017767739506869943,address; culture; example; marked; mosaic; nature; previous; valuable; wealth,above; calculated; century; evidence; extent; following; however; minority; nevertheless; prohibitive; repeated; reveal; working,ground; outward,address; culture; example; marked; mosaic; nature; previous; valuable
wnl billionaires,llm_simplification,openai::openai/gpt-5.2::chain_of_thought::temp=0.0,0.9332147836685181,0.09056305668680309,-14.908775510204123,-6.160334614435328,-1.2712375859434815,-3.120251928117998,-30.878321886861386,-0.01570268219752756,address; culture; example; following; marked; mosaic; nature; previous; valuable; wealth,above; calculated; century; evidence; extent; however; minority; nevertheless; prohibitive; repeated; reveal; working,center; condition; greek,address; culture; example; following; marked; mosaic; nature; previous; valuable
wnl billionaires,llm_simplification,openai::openai/gpt-5.2::chain_of_thought::temp=0.2,0.9465323686599731,0.18345287117052822,-18.270354457572523,-5.111468951868858,-0.269759506012349,-3.713410382709153,-31.104124563747064,-0.014909834541736385,address; culture; example; following; marked; mosaic; nature; valuable; wealth,above; calculated; century; evidence; extent; however; minority; nevertheless; previous; prohibitive; repeated; reveal; working,compare; greek; group; outward,address; culture; example; following; marked; mosaic; nature; valuable
wnl billionaires,llm_simplification,openai::openai/gpt-5.2::chain_of_thought::temp=0.5,0.9487369060516357,-0.002749802504404597,-20.101566207878534,-10.63860759493673,-5.598730311796828,-3.1892959720213057,-35.20297354547823,-0.013408974894426658,address; culture; example; following; marked; mosaic; nature; previous; valuable; wealth,above; calculated; century; evidence; extent; however; minority; nevertheless; prohibitive; repeated; reveal; working,greek; group; outward,address; culture; example; following; marked; mosaic; nature; previous; valuable
wnl experience,llm_simplification,openai::openai/gpt-5.2::zero_shot::temp=0.0,0.8937197923660278,0.7017188767006182,-9.313021961026948,15.482947182916064,12.787933663743786,-3.1949700208615255,-8.897521011273184,-0.010619371496945654,experience; group; need; practice; stress; traumatic,display; empathy; evidence; internal; limited; relationship; specialized; territorial; territory; vertically; within,act; learned; strongly,experience; group; need; practice; stress; traumatic
wnl experience,llm_simplification,openai::openai/gpt-5.2::zero_shot::temp=0.2,0.8921676278114319,0.5893431328811949,-11.027143330023193,12.392383091688771,8.900174800396826,-3.0494365233309324,-5.3526905658463875,-0.01725360799309239,group; need; practice; stress; traumatic,display; empathy; evidence; experience; internal; limited; relationship; specialized; territorial; territory; vertically; within,learned; strongly,group; need; practice; stress; traumatic
wnl experience,llm_simplification,openai::openai/gpt-5.2::zero_shot::temp=0.5,0.9024980068206787,0.364766169114493,-3.6664534697793556,8.632135203584653,7.000628789580048,-2.9987581702929376,-15.770120640771651,-0.01010541594581122,experience; group; internal; need; practice; stress; traumatic,display; empathy; evidence; limited; relationship; specialized; territorial; territory; vertically; within,learned; reported; strongly,experience; group; internal; need; practice; stress; traumatic
wnl experience,llm_simplification,openai::openai/gpt-5.2::few_shot::temp=0.0,0.8906471729278564,0.7687071853698275,-12.970125786163521,16.154871642382773,12.66828185852728,-3.411350758508025,-14.312186270492575,-0.007226621992080417,experience; group; internal; limited; need; practice; specialized; stress; traumatic,display; empathy; evidence; relationship; territorial; territory; vertically; within,learned; movement,experience; group; internal; limited; need; practice; specialized; stress; traumatic
wnl experience,llm_simplification,openai::openai/gpt-5.2::few_shot::temp=0.2,0.9324641227722168,0.6377934117978239,-11.918538484576231,14.017933451769352,9.10202819141881,-3.3020839310216843,-17.58509300064742,-0.011756338070128401,experience; group; need; practice; specialized; stress; territorial; traumatic,display; empathy; evidence; internal; limited; relationship; territory; vertically; within,learned,experience; group; need; practice; specialized; stress; territorial; traumatic
wnl experience,llm_simplification,openai::openai/gpt-5.2::few_shot::temp=0.5,0.8606224060058594,0.6344579000941559,-9.202581926514426,14.569187574055945,10.471641228566057,-2.8898951380769837,-8.15445153320799,-0.0044627491473450374,experience; group; internal; limited; need; practice; specialized; stress; traumatic,display; empathy; evidence; relationship; territorial; territory; vertically; within,learned; movement; strongly,experience; group; internal; limited; need; practice; specialized; stress; traumatic
wnl experience,llm_simplification,openai::openai/gpt-5.2::chain_of_thought::temp=0.0,0.9343633055686951,0.3939118698059749,-5.293572113847176,9.562146892655335,6.35314762983694,-2.559362822700873,-1.7245096170934033,-0.002646650468587298,experience; group; internal; limited; need; practice; specialized; stress; territory; traumatic,display; empathy; evidence; relationship; territorial; vertically; within,act; learned; movement,experience; group; limited; need; practice; specialized; stress; territory; traumatic
wnl experience,llm_simplification,openai::openai/gpt-5.2::chain_of_thought::temp=0.2,0.922065019607544,0.5871483273438205,-10.19187719859292,12.838890432527535,9.018533578735571,-2.8986939455577705,-13.683069471409127,-0.003573828792248889,experience; group; internal; limited; need; practice; specialized; stress; traumatic,display; empathy; evidence; relationship; territorial; territory; vertically; within,accepted; act; learned; movement; needed,experience; group; internal; limited; need; practice; specialized; stress; traumatic
wnl experience,llm_simplification,openai::openai/gpt-5.2::chain_of_thought::temp=0.5,0.9043433666229248,0.5337623079039244,-8.636792452830207,11.229491525423725,9.060235393022253,-3.063299205155417,-9.36516624553073,-0.009117547853950587,experience; group; internal; need; practice; specialized; stress; traumatic,display; empathy; evidence; limited; relationship; territorial; territory; vertically; within,act; learned; strongly,experience; group; internal; need; practice; specialized; stress; traumatic
wnl ten ideas,llm_simplification,openai::openai/gpt-5.2::zero_shot::temp=0.0,0.8882032632827759,0.17326032905716637,-3.8574525745257233,-2.1515151515151274,7.326288203662102,-3.0802525394575504,-30.034068843056303,-0.02846060528668113,above; climate; cycle; experiment; ground; harvesting; movement; project; scale; similar; system; technology,act; change; concept; conventional; convert; disperse; facility; increasingly; industrial; innovation; international; provide; solution; sustainable; type; urban,include; need; use,climate; cycle; experiment; harvesting; project; scale; similar
wnl ten ideas,llm_simplification,openai::openai/gpt-5.2::zero_shot::temp=0.2,0.8780871629714966,0.6903836599358804,-5.61145774248439,10.058361391694746,19.837843195559515,-2.880671832104806,-32.69805991613791,-0.029783660970068154,above; climate; cycle; experiment; ground; movement; project; scale; similar; system; technology,act; change; concept; conventional; convert; disperse; facility; harvesting; increasingly; industrial; innovation; international; provide; solution; sustainable; type; urban,improve; nature; need,climate; cycle; experiment; movement; project; scale; similar
wnl ten ideas,llm_simplification,openai::openai/gpt-5.2::zero_shot::temp=0.5,0.9000713229179382,0.07278853251742412,-1.2796747967479405,-2.3504101791394305,4.621468926553689,-2.890579435540076,-42.95520393901762,-0.03739608008811503,above; climate; cycle; experiment; ground; harvesting; movement; project; scale; similar; system; technology,act; change; concept; conventional; convert; disperse; facility; increasingly; industrial; innovation; international; provide; solution; sustainable; type; urban,group; short,climate; cycle; experiment; harvesting; movement; project; scale; similar
wnl ten ideas,llm_simplification,openai::openai/gpt-5.2::few_shot::temp=0.0,0.9077059030532837,0.2840949524521952,-3.2653890824622067,2.066433566433602,9.300256805341576,-2.4712177531319597,-30.09590388561898,-0.03172505513375195,above; climate; cycle; experiment; ground; industrial; movement; project; scale; similar; sustainable; system; technology,act; change; concept; conventional; convert; disperse; facility; harvesting; increasingly; innovation; international; provide; solution; type; urban,need; use,climate; cycle; experiment; industrial; movement; project; scale; similar; sustainable
wnl ten ideas,llm_simplification,openai::openai/gpt-5.2::few_shot::temp=0.2,0.907752275466919,0.4252557523377831,-13.646341463414615,2.80706473014169,7.660575071805113,-2.5495888239966114,-24.97202627386943,-0.015590974377982666,above; change; climate; cycle; experiment; ground; harvesting; industrial; movement; project; provide; scale; similar; sustainable; system; technology; urban,act; concept; conventional; convert; disperse; facility; increasingly; innovation; international; solution; type,exist; group; improve,change; climate; cycle; experiment; harvesting; industrial; movement; project; provide; scale; similar; sustainable
wnl ten ideas,llm_simplification,openai::openai/gpt-5.2::few_shot::temp=0.5,0.9239028692245483,0.40532266636063685,-18.727736812251806,-1.660390891160091,6.91197171984976,-2.552851353966574,-51.83175341338912,-0.02689734956913812,above; climate; cycle; experiment; ground; harvesting; industrial; movement; project; scale; similar; sustainable; system; technology; urban,act; change; concept; conventional; convert; disperse; facility; increasingly; innovation; international; provide; solution; type,group; short; use,climate; cycle; experiment; harvesting; industrial; movement; project; scale; similar; sustainable
wnl ten ideas,llm_simplification,openai::openai/gpt-5.2::chain_of_thought::temp=0.0,0.8835638165473938,0.5206349945360593,0.16476964769651659,10.030874785591777,16.050040355125134,-2.233175774500051,-19.978075395079344,-0.020911244078783336,above; climate; cycle; experiment; ground; harvesting; industrial; movement; project; scale; similar; sustainable; system; technology; urban,act; change; concept; conventional; convert; disperse; facility; increasingly; innovation; international; provide; solution; type,everyday; level; material; short; use,climate; cycle; experiment; harvesting; industrial; movement; project; scale; similar; sustainable
wnl ten ideas,llm_simplification,openai::openai/gpt-5.2::chain_of_thought::temp=0.2,0.9091914892196655,0.2951275859989386,-10.68122518434484,0.9698721317218428,5.288135593220375,-2.429852740065904,-50.236959356073896,-0.03210172026925953,above; climate; cycle; experiment; ground; harvesting; industrial; international; movement; project; provide; scale; similar; system; technology,act; change; concept; conventional; convert; disperse; facility; increasingly; innovation; solution; sustainable; type; urban,environment,climate; cycle; experiment; harvesting; industrial; international; movement; project; provide; scale; similar
wnl ten ideas,llm_simplification,openai::openai/gpt-5.2::chain_of_thought::temp=0.5,0.9152275323867798,0.13537606101859068,-4.053318207600682,-2.2698583467814046,5.476217529905625,-2.259056731978518,-21.281598188786973,-0.032256380423919685,above; climate; cycle; experiment; ground; harvesting; industrial; movement; project; provide; similar; system; technology,act; change; concept; conventional; convert; disperse; facility; increasingly; innovation; international; scale; solution; sustainable; type; urban,exist; group,climate; cycle; experiment; harvesting; industrial; movement; project; provide; similar
wnl why we should,llm_simplification,openai::openai/gpt-5.2::zero_shot::temp=0.0,0.09715704619884491,,,,,,,,,adjustment; argue; challenge; effect; environment; environmental; equilibrium; examine; frequent; functioning; however; human; importance; improve; initial; intensity; known; likely; natural; necessary; need; period; process; produce; production; reduce; reduced; reduction; relatively; short; suggest; tend; typically; use; valuable; vital; whole,,
wnl why we should,llm_simplification,openai::openai/gpt-5.2::zero_shot::temp=0.2,0.09715704619884491,,,,,,,,,adjustment; argue; challenge; effect; environment; environmental; equilibrium; examine; frequent; functioning; however; human; importance; improve; initial; intensity; known; likely; natural; necessary; need; period; process; produce; production; reduce; reduced; reduction; relatively; short; suggest; tend; typically; use; valuable; vital; whole,,
wnl why we should,llm_simplification,openai::openai/gpt-5.2::zero_shot::temp=0.5,0.09715704619884491,,,,,,,,,adjustment; argue; challenge; effect; environment; environmental; equilibrium; examine; frequent; functioning; however; human; importance; improve; initial; intensity; known; likely; natural; necessary; need; period; process; produce; production; reduce; reduced; reduction; relatively; short; suggest; tend; typically; use; valuable; vital; whole,,
wnl why we should,llm_simplification,openai::openai/gpt-5.2::few_shot::temp=0.0,0.09715704619884491,,,,,,,,,adjustment; argue; challenge; effect; environment; environmental; equilibrium; examine; frequent; functioning; however; human; importance; improve; initial; intensity; known; likely; natural; necessary; need; period; process; produce; production; reduce; reduced; reduction; relatively; short; suggest; tend; typically; use; valuable; vital; whole,,
wnl why we should,llm_simplification,openai::openai/gpt-5.2::few_shot::temp=0.2,0.09715704619884491,,,,,,,,,adjustment; argue; challenge; effect; environment; environmental; equilibrium; examine; frequent; functioning; however; human; importance; improve; initial; intensity; known; likely; natural; necessary; need; period; process; produce; production; reduce; reduced; reduction; relatively; short; suggest; tend; typically; use; valuable; vital; whole,,
wnl why we should,llm_simplification,openai::openai/gpt-5.2::few_shot::temp=0.5,0.09715704619884491,,,,,,,,,adjustment; argue; challenge; effect; environment; environmental; equilibrium; examine; frequent; functioning; however; human; importance; improve; initial; intensity; known; likely; natural; necessary; need; period; process; produce; production; reduce; reduced; reduction; relatively; short; suggest; tend; typically; use; valuable; vital; whole,,
wnl why we should,llm_simplification,openai::openai/gpt-5.2::chain_of_thought::temp=0.0,0.09715704619884491,,,,,,,,,adjustment; argue; challenge; effect; environment; environmental; equilibrium; examine; frequent; functioning; however; human; importance; improve; initial; intensity; known; likely; natural; necessary; need; period; process; produce; production; reduce; reduced; reduction; relatively; short; suggest; tend; typically; use; valuable; vital; whole,,
wnl why we should,llm_simplification,openai::openai/gpt-5.2::chain_of_thought::temp=0.2,0.09715704619884491,,,,,,,,,adjustment; argue; challenge; effect; environment; environmental; equilibrium; examine; frequent; functioning; however; human; importance; improve; initial; intensity; known; likely; natural; necessary; need; period; process; produce; production; reduce; reduced; reduction; relatively; short; suggest; tend; typically; use; valuable; vital; whole,,
wnl why we should,llm_simplification,openai::openai/gpt-5.2::chain_of_thought::temp=0.5,0.09715704619884491,,,,,,,,,adjustment; argue; challenge; effect; environment; environmental; equilibrium; examine; frequent; functioning; however; human; importance; improve; initial; intensity; known; likely; natural; necessary; need; period; process; produce; production; reduce; reduced; reduction; relatively; short; suggest; tend; typically; use; valuable; vital; whole,,
wnl are you a bad boyfriend,llm_simplification,openai::openai/gpt-5.2::zero_shot::temp=0.0,0.18645843863487244,,,,,,,,,available; capitalist; couple; design; external; generating; present; relationship; result; sharing; social; testing; typical; valuable,,
wnl are you a bad boyfriend,llm_simplification,openai::openai/gpt-5.2::zero_shot::temp=0.2,0.18645843863487244,,,,,,,,,available; capitalist; couple; design; external; generating; present; relationship; result; sharing; social; testing; typical; valuable,,
wnl are you a bad boyfriend,llm_simplification,openai::openai/gpt-5.2::zero_shot::temp=0.5,0.18645843863487244,,,,,,,,,available; capitalist; couple; design; external; generating; present; relationship; result; sharing; social; testing; typical; valuable,,
wnl are you a bad boyfriend,llm_simplification,openai::openai/gpt-5.2::few_shot::temp=0.0,0.18645843863487244,,,,,,,,,available; capitalist; couple; design; external; generating; present; relationship; result; sharing; social; testing; typical; valuable,,
wnl are you a bad boyfriend,llm_simplification,openai::openai/gpt-5.2::few_shot::temp=0.2,0.18645843863487244,,,,,,,,,available; capitalist; couple; design; external; generating; present; relationship; result; sharing; social; testing; typical; valuable,,
wnl are you a bad boyfriend,llm_simplification,openai::openai/gpt-5.2::few_shot::temp=0.5,0.18645843863487244,,,,,,,,,available; capitalist; couple; design; external; generating; present; relationship; result; sharing; social; testing; typical; valuable,,
wnl are you a bad boyfriend,llm_simplification,openai::openai/gpt-5.2::chain_of_thought::temp=0.0,0.18645843863487244,,,,,,,,,available; capitalist; couple; design; external; generating; present; relationship; result; sharing; social; testing; typical; valuable,,
wnl are you a bad boyfriend,llm_simplification,openai::openai/gpt-5.2::chain_of_thought::temp=0.2,0.18645843863487244,,,,,,,,,available; capitalist; couple; design; external; generating; present; relationship; result; sharing; social; testing; typical; valuable,,
wnl are you a bad boyfriend,llm_simplification,openai::openai/gpt-5.2::chain_of_thought::temp=0.5,0.18645843863487244,,,,,,,,,available; capitalist; couple; design; external; generating; present; relationship; result; sharing; social; testing; typical; valuable,,
wnl shark,llm_simplification,openai::openai/gpt-5.2::zero_shot::temp=0.0,0.04300979524850845,,,,,,,,,achieve; activity; approach; argue; changing; consistent; counterproductive; difference; encourage; evidence; exist; globally; however; human; increase; increasing; indiscriminate; ineffective; nature; policy; population; positive; potential; potentially; previous; provide; reduce; related; result; scheme; society; solely; state; university; western; whole,,
wnl shark,llm_simplification,openai::openai/gpt-5.2::zero_shot::temp=0.2,0.04300979524850845,,,,,,,,,achieve; activity; approach; argue; changing; consistent; counterproductive; difference; encourage; evidence; exist; globally; however; human; increase; increasing; indiscriminate; ineffective; nature; policy; population; positive; potential; potentially; previous; provide; reduce; related; result; scheme; society; solely; state; university; western; whole,,
wnl shark,llm_simplification,openai::openai/gpt-5.2::zero_shot::temp=0.5,0.04300979524850845,,,,,,,,,achieve; activity; approach; argue; changing; consistent; counterproductive; difference; encourage; evidence; exist; globally; however; human; increase; increasing; indiscriminate; ineffective; nature; policy; population; positive; potential; potentially; previous; provide; reduce; related; result; scheme; society; solely; state; university; western; whole,,
wnl shark,llm_simplification,openai::openai/gpt-5.2::few_shot::temp=0.0,0.04300979524850845,,,,,,,,,achieve; activity; approach; argue; changing; consistent; counterproductive; difference; encourage; evidence; exist; globally; however; human; increase; increasing; indiscriminate; ineffective; nature; policy; population; positive; potential; potentially; previous; provide; reduce; related; result; scheme; society; solely; state; university; western; whole,,
wnl shark,llm_simplification,openai::openai/gpt-5.2::few_shot::temp=0.2,0.04300979524850845,,,,,,,,,achieve; activity; approach; argue; changing; consistent; counterproductive; difference; encourage; evidence; exist; globally; however; human; increase; increasing; indiscriminate; ineffective; nature; policy; population; positive; potential; potentially; previous; provide; reduce; related; result; scheme; society; solely; state; university; western; whole,,
wnl shark,llm_simplification,openai::openai/gpt-5.2::few_shot::temp=0.5,0.9356173276901245,-0.48804784914827476,-11.01279488204716,-17.838380513495736,-15.601048352588805,-4.7674707155819895,-17.802111233154022,-0.04185026795864234,evidence; human; increase; policy; population; reduce; related; society; state; university; western,achieve; activity; approach; argue; changing; consistent; counterproductive; difference; encourage; exist; globally; however; increasing; indiscriminate; ineffective; nature; positive; potential; potentially; previous; provide; result; scheme; solely; whole,change; fixed; justified; linked; total,reduce; related; society; university
wnl shark,llm_simplification,openai::openai/gpt-5.2::chain_of_thought::temp=0.0,0.9438551068305969,-0.7358621372898666,2.3845628415300553,-17.107341120994533,-18.124990165997986,-3.6661556398725956,-10.847069523215566,-0.034353741496598644,difference; encourage; evidence; however; human; increase; policy; population; previous; reduce; related; society; state; university; western,achieve; activity; approach; argue; changing; consistent; counterproductive; exist; globally; increasing; indiscriminate; ineffective; nature; positive; potential; potentially; provide; result; scheme; solely; whole,connected; justified; meaning,difference; encourage; however; previous; reduce; related; society; university
wnl shark,llm_simplification,openai::openai/gpt-5.2::chain_of_thought::temp=0.2,0.9483489394187927,-0.8036576750776034,5.537340619307827,-17.45177971933191,-18.71115288220551,-4.264564921864569,-5.397654363675585,-0.03757503001200481,difference; evidence; human; increase; ineffective; policy; population; reduce; related; society; state; university; western,achieve; activity; approach; argue; changing; consistent; counterproductive; encourage; exist; globally; however; increasing; indiscriminate; nature; positive; potential; potentially; previous; provide; result; scheme; solely; whole,justified; linked; meaning; ongoing,difference; increase; reduce; related; society; university
wnl shark,llm_simplification,openai::openai/gpt-5.2::chain_of_thought::temp=0.5,0.9412276744842529,-0.4409915264236635,-5.759817003431181,-12.243007710909353,-14.434872558755387,-4.526937670301464,-12.022994890641073,-0.027962764052989628,difference; evidence; exist; however; human; increase; policy; population; previous; reduce; related; society; state; university; western; whole,achieve; activity; approach; argue; changing; consistent; counterproductive; encourage; globally; increasing; indiscriminate; ineffective; nature; positive; potential; potentially; provide; result; scheme; solely,justified; linked; meaning; total,difference; exist; however; increase; previous; reduce; related; society; university; whole
